machine_id,temperature,vibration,pressure,working_hours,failure
7,78.67849036663182,8.26530499539426,115.50887714628337,0.0,1
4,60.634859825032635,4.478175467765739,104.28017260664878,5.005005005005005,0
8,61.244749731881335,6.888981944782394,105.98474993185874,10.01001001001001,0
5,72.04610209524913,3.6215418595662867,109.8340586931014,15.015015015015015,0
7,63.973521946946846,4.395066323585298,105.68921307733974,20.02002002002002,0
10,83.01849168160095,3.370072030869114,124.13611258709923,25.025025025025023,0
3,63.72581115622523,0.7337339298589791,84.39562407658585,30.03003003003003,0
7,65.04610757068752,4.926933300162779,103.60637315258178,35.03503503503504,0
8,74.18839413868487,5.2569034751955055,72.72639349004278,40.04004004004004,0
5,66.10711808272507,7.131721997523275,68.89380719220193,45.04504504504504,0
4,57.65055606462587,6.590876505338575,98.77493453722025,50.05005005005005,0
8,59.00644175167911,6.617905798077991,108.15069353417135,55.05505505505506,0
8,75.37765958406956,3.051927553764246,124.46001665856346,60.06006006006006,0
3,56.4128848543794,5.918994612141384,136.29687599515694,65.06506506506507,0
6,83.9716442754881,8.165187930963185,119.7979100599822,70.07007007007007,1
5,63.0960071569825,5.759735701418163,110.90748616597043,75.07507507507508,0
2,76.16215816968061,8.657187226129995,102.39947283660723,80.08008008008008,1
8,63.69587375970366,9.037932222239727,77.03157905224934,85.08508508508508,1
6,60.847586200036346,4.463063459416709,97.80945091387302,90.09009009009009,0
2,72.46103682290182,3.6061205098388567,119.35565126887339,95.09509509509509,0
5,80.517834670159,3.4770756691621,113.47422784042061,100.1001001001001,0
1,67.52632249139896,1.96772835979356,80.70498779975577,105.10510510510511,0
10,69.3452264624254,3.9631942011689563,109.2103847088772,110.11011011011011,0
6,78.07417361082801,7.415330899512493,107.9258921780158,115.11511511511512,0
9,78.40527250251556,0.59192484949752,105.24835180172106,120.12012012012012,0
1,69.6150827998026,2.9250931985725073,99.58216666933998,125.12512512512512,0
10,65.56520107514712,4.745737116696005,109.9837595041629,130.13013013013014,0
3,70.82655959445032,3.2456295987565995,110.45969558368597,135.13513513513513,0
7,68.09088508611657,3.9454281115195595,90.37811851852892,140.14014014014015,0
4,73.12974151816852,3.975340651155393,106.82521092073144,145.14514514514514,0
9,58.057295731542474,4.484919559876502,97.1590728887918,150.15015015015015,0
3,72.77181579358746,3.5410906077805224,77.69149198380636,155.15515515515514,0
5,62.81696583829251,3.3775735722889038,91.57589447442754,160.16016016016016,0
3,79.05887611490503,6.868619491842463,76.54465471981862,165.16516516516518,0
7,63.275321506294844,7.099308355720691,114.70140302605157,170.17017017017017,1
5,63.44890232809068,2.238913309505181,105.33834066331478,175.17517517517518,0
9,74.4539882441174,-0.5191947985457679,94.66764083191082,180.18018018018017,0
7,70.14211888816197,7.126749699141862,121.30782014932973,185.1851851851852,0
2,92.76651626398838,2.542399162895725,101.0198636137175,190.19019019019018,1
4,53.70697389445748,5.425489676919479,78.53165866049689,195.1951951951952,0
9,71.09852946954744,1.8686562539435654,93.40782189724284,200.2002002002002,0
2,81.2964948497237,7.595509970519344,124.49281280909938,205.2052052052052,0
10,64.216860770727,10.087335790603056,89.95786562366285,210.21021021021022,0
9,60.8944215526012,5.365613818410673,104.12831933136745,215.2152152152152,0
10,61.29135352353671,4.811794703080967,111.15814936771957,220.22022022022023,0
5,53.88038820349915,4.355720849619872,108.84922726832414,225.22522522522522,0
2,83.49704627310695,6.563598622625824,136.7418969843715,230.23023023023023,0
4,66.70382658193591,6.1353735018691715,82.35545114615097,235.23523523523522,0
7,65.5197286019977,7.006996907105729,83.85305379200796,240.24024024024024,0
8,48.75901925669827,3.744166954803835,82.60368329346801,245.24524524524526,0
3,55.662914275381155,5.68023541280929,95.56122368474672,250.25025025025025,0
1,84.65389755519094,3.915063866587608,116.49066082273677,255.25525525525526,0
4,73.03105666100579,2.8845687038598915,84.52398130305234,260.2602602602603,0
2,81.66500829925106,4.917969157993073,116.70040758915908,265.26526526526527,0
8,80.3999243982983,3.1549745392458357,100.52690004891605,270.27027027027026,1
4,59.9937971942706,7.347453995485177,83.36504960183615,275.27527527527525,0
2,94.29847728653968,3.276159243968354,73.72945065148215,280.2802802802803,1
6,89.49732595601229,5.72709188137472,77.08644259286011,285.2852852852853,1
6,64.36233557876965,3.793155402480555,90.01219887649114,290.2902902902903,0
10,34.31794700640118,5.554125500875024,97.4627323638502,295.2952952952953,0
4,66.43467910055924,3.952006853089287,120.19094465095677,300.3003003003003,0
6,72.38296262121449,2.485577450284925,111.98632318282358,305.3053053053053,0
2,64.3228096522431,5.967545481903691,87.41588121879546,310.3103103103103,0
10,67.78477903315283,4.529168756173556,106.12997925058252,315.31531531531533,0
2,61.713419636622056,5.571969881444919,124.7731940378836,320.3203203203203,0
10,79.21634718353847,4.142314128739125,128.10876131545052,325.3253253253253,0
4,70.63633240368556,2.344126972463096,95.28390982669605,330.33033033033036,0
8,79.51514062942954,7.166357194112512,114.37432644557502,335.33533533533534,0
7,82.22203346207937,6.4735155108821765,120.84933050331736,340.34034034034033,0
9,48.25676435913353,3.8660780488935123,77.3939211523242,345.3453453453453,0
8,62.29477789165897,5.139558426997596,92.31389369260455,350.35035035035037,0
5,63.75970706359456,7.084038966325874,133.30028101634895,355.35535535535536,0
2,95.71372359688783,4.085923328275206,95.48445834818644,360.36036036036035,1
5,71.49005366900325,4.396230989618896,56.06572952948354,365.3653653653654,0
8,78.12560596363065,5.487265000014747,98.18557284419917,370.3703703703704,0
10,51.19308230725488,4.081817872890828,116.86938248673793,375.37537537537537,1
9,71.43215452497522,6.714183993974045,100.09765655201345,380.38038038038036,0
9,79.78292982116258,4.662198439385124,110.73045920200951,385.3853853853854,1
1,78.61965085060156,3.431928250012052,114.07332996483598,390.3903903903904,0
9,76.23399438916351,6.217277659747989,94.67593822851578,395.3953953953954,0
7,70.13000506495126,2.7157387011373064,92.20910520378436,400.4004004004004,0
9,70.61568620625451,9.029757122248427,102.30161463931408,405.4054054054054,1
8,53.067338252902104,8.164992727160405,102.66668384394822,410.4104104104104,1
1,60.99467114812856,6.026990953842031,100.81115229770457,415.4154154154154,0
8,72.30943956388164,5.858662043639804,101.42734784023696,420.42042042042044,0
8,62.840241930737946,5.764882835638597,88.77180798068893,425.42542542542543,0
3,76.88838247032785,4.021810428162186,111.25430365121422,430.4304304304304,0
1,74.66782550264863,5.594619291361685,108.98847920669449,435.4354354354354,0
8,83.67370254721993,3.1537347790843033,79.95987450046813,440.44044044044045,0
3,79.58253826152571,6.007636836880362,94.16256524371049,445.44544544544544,0
3,72.27261409134567,6.735693886062591,101.3961980880917,450.45045045045043,0
1,77.47980434061915,4.243827798033331,91.98530496585738,455.4554554554555,0
5,80.05102162299656,3.809796411690561,109.56057966381691,460.46046046046047,0
10,64.92562714092017,2.5750459507041805,98.99676192314293,465.46546546546546,0
7,66.70669001680199,7.915910467131382,102.5360879418278,470.47047047047045,0
10,69.0317396260659,3.9686719323155772,93.9893603877539,475.4754754754755,0
9,65.2446945583565,4.6025219279667535,70.10171764884078,480.4804804804805,0
7,80.15686945063484,5.600311169991452,69.24477517656325,485.48548548548547,0
9,63.72689458322696,5.564415285779869,108.84414320038042,490.4904904904905,0
8,82.51651471399825,6.49312019136214,104.00368114734091,495.4954954954955,0
2,66.33026801119617,4.241340160323342,106.57993309526627,500.5005005005005,0
1,74.72396642839358,2.722664123058174,102.0170926309437,505.5055055055055,0
7,71.66415148762889,2.372669382055368,103.21851105060271,510.5105105105105,0
7,60.24020191708333,3.8414895343143067,114.53535060428183,515.5155155155155,0
8,69.80110270509209,3.096299050650752,106.66929058602119,520.5205205205206,0
5,73.33643531450598,4.392766589384483,115.6136402545917,525.5255255255255,0
3,69.35707312889502,7.615157621519965,102.57192761839896,530.5305305305305,0
8,56.57293441493716,4.2454435882326225,95.49427389220344,535.5355355355356,0
6,87.01429243526172,4.244698277330887,102.91304293234369,540.5405405405405,1
3,70.87699482861736,4.9672024474884235,87.45733177769054,545.5455455455456,0
1,62.05697424836478,4.188750017575868,94.30229606632136,550.5505505505505,0
3,86.20768023467275,4.865217528563612,102.66356962960056,555.5555555555555,1
5,76.17389809720325,6.081738444962693,102.46477497851518,560.5605605605606,0
3,57.99830003598391,6.769502109526628,98.40371679995518,565.5655655655655,0
1,59.55505253600121,7.006426399478047,79.1772293473869,570.5705705705706,0
5,67.77605280112158,9.11370444146204,109.54614319631071,575.5755755755756,1
10,72.97306978849822,6.138718892344876,112.51342609899324,580.5805805805805,0
7,76.22799831463922,9.468957802698618,124.65535742878359,585.5855855855856,1
7,79.50178479528567,3.4470363838807137,106.62663994883097,590.5905905905906,0
9,75.39572406400143,9.18256980484917,100.02192751287224,595.5955955955956,1
10,83.46745978640996,4.23924789156082,84.80455735584775,600.6006006006006,0
10,71.2679315968047,4.435962138473929,122.38026804041583,605.6056056056057,0
3,62.403606195217776,4.7602549051542535,103.71749465311035,610.6106106106106,0
7,69.96649130341027,4.562758577682538,102.90059760738184,615.6156156156156,0
1,69.31019339654208,5.171680793453007,96.18915702731722,620.6206206206206,0
4,44.217845703375076,3.8399439950231216,95.23045650347707,625.6256256256256,0
4,64.38633140904341,6.659924346142744,110.3240010107627,630.6306306306307,0
5,73.1420373295045,3.8943299307576407,84.67839066012112,635.6356356356356,0
7,65.75784434788214,6.311220796505783,124.3814778873817,640.6406406406406,0
7,63.53790638177001,8.05544723904753,121.11289686307558,645.6456456456457,1
4,79.11376195804564,4.28579526038452,94.68907679699366,650.6506506506506,0
7,60.834541752245606,6.588766835958355,87.04203151190436,655.6556556556557,0
3,77.11622650470824,6.118318577806369,69.77191017466879,660.6606606606607,0
6,56.67255529211715,9.5057737644395,81.2287919127366,665.6656656656656,1
2,97.60761935726184,3.9903388703101,110.94867239324311,670.6706706706707,1
10,67.84314473098743,6.590143233611568,104.73012788350981,675.6756756756756,0
9,66.76734710703944,1.7479778164468938,107.40480347959132,680.6806806806807,0
5,81.43065902889919,4.008283178526374,72.31630547013758,685.6856856856857,0
6,65.81295159193552,5.7067856751938155,94.06276569846004,690.6906906906906,0
4,84.54927808325667,7.786319938179562,120.50909209423124,695.6956956956957,0
10,73.71593830486526,2.5481332700315944,98.5595889202097,700.7007007007007,0
7,68.81602099453771,6.572181281482221,80.91557898064022,705.7057057057057,0
9,67.74994096629625,4.873553087034082,98.32596503735648,710.7107107107107,0
7,82.07592170430262,1.956944693215375,88.43473872452125,715.7157157157158,0
1,72.30487214603502,5.36317369189758,105.00518589918096,720.7207207207207,0
1,74.3230873119077,8.418322465956424,100.30818068331573,725.7257257257257,1
9,75.41001872603628,2.759154680176766,108.14944996123435,730.7307307307308,0
9,71.32936185222691,4.780124569259633,81.73114559852331,735.7357357357357,0
4,75.19872226349983,3.0267220307208675,93.26925147002352,740.7407407407408,0
9,68.8167657731901,4.062834136179968,116.35651512098664,745.7457457457457,0
3,69.50191368173424,7.8643402870492665,79.68579918346778,750.7507507507507,0
7,58.808850719732916,4.456951049017235,84.95331975940033,755.7557557557558,0
6,72.97760250918397,7.8031314750306535,102.98945964988096,760.7607607607607,0
8,52.804589932877796,7.2181080958631725,104.30094758625687,765.7657657657658,0
9,72.83558070610913,4.274524173031104,92.66725235885846,770.7707707707708,0
5,67.19383983835185,3.994801078787535,95.82350676041725,775.7757757757757,0
1,73.74585109450979,3.208002386370996,107.99838342333463,780.7807807807808,0
3,59.511716659183236,3.1382376116131914,112.74452502639801,785.7857857857858,0
10,48.80642631961358,5.706414789015686,83.96167502065362,790.7907907907908,0
8,66.49134693026461,4.960429369570069,105.46479280941925,795.7957957957958,0
6,59.54087331142902,3.7527891301415868,122.68024000008583,800.8008008008007,0
8,52.19443316789518,1.9024741557534424,98.26161907958301,805.8058058058058,0
9,77.6798326969457,5.212357535644424,83.80241269317222,810.8108108108108,1
4,86.0123822714204,4.060895641877334,83.10862136759175,815.8158158158158,1
1,62.0304856422545,4.609404608835812,97.58893838032205,820.8208208208208,0
1,69.24229172778547,5.609323657396163,115.53770957301428,825.8258258258259,0
10,66.92214383320187,-0.003605722775726683,99.38866225230068,830.8308308308308,0
4,63.41101578023797,1.9334507925817506,102.83847969858891,835.8358358358358,1
7,76.63737213888021,9.592886153610376,85.05487476739295,840.8408408408409,0
2,80.10141460428619,3.986778986600765,114.74676449464822,845.8458458458458,0
3,61.313928107343955,-0.03486620479505831,82.81512143251967,850.8508508508509,0
1,70.44766867094904,2.100119640967495,92.4325527359255,855.8558558558559,0
5,82.84533033933894,9.968934737282867,109.44872293069442,860.8608608608608,1
1,76.89036203214972,3.59400507946032,69.40852752520102,865.8658658658659,0
8,78.37697438400488,7.318030489794314,102.60941724528561,870.8708708708708,0
1,83.67985307442414,5.2422359966744105,84.41389650412329,875.8758758758759,0
1,83.5484517237325,4.030065925002058,100.2482409836367,880.8808808808809,0
2,80.28642630303065,6.550890941526186,94.71916588432096,885.8858858858858,1
2,71.44937414781181,0.2312866492874237,131.5875223802273,890.8908908908909,0
6,66.17516982541908,2.1177347602867944,94.1031821620014,895.8958958958959,0
7,71.03477765313185,4.015297975720879,127.63977059325013,900.9009009009009,0
5,64.65593313976632,2.3141912034607834,108.80428436775063,905.9059059059059,0
1,50.475131269893176,3.838444422992057,87.97811543905408,910.910910910911,0
1,67.2050093419996,6.707426091365656,104.96216387889635,915.9159159159159,0
3,73.5752624383722,5.2642734426719615,95.43385380493282,920.9209209209209,1
2,64.12730582233822,7.661234071019178,103.63236236111851,925.925925925926,0
5,68.07220212761392,5.3907505687034885,89.291635188501,930.9309309309309,0
10,68.45963284033267,6.984921662989053,125.35266450018936,935.935935935936,0
6,83.56856774218889,4.871859399743005,113.88097136195087,940.9409409409409,0
7,66.40562725975099,3.8194490332804345,100.47672352242387,945.9459459459459,0
4,83.56633382183455,7.961136111083777,125.93672152104301,950.950950950951,0
7,42.875095081520264,3.5812994241278666,101.11418866124274,955.9559559559559,0
8,83.47855781329037,5.687689646248598,116.46437447291747,960.960960960961,0
1,82.97406114862625,6.537794726448946,100.57450881283637,965.965965965966,0
6,79.02254673389191,6.682985408941713,105.90831392215868,970.9709709709709,0
8,49.88081996796228,2.669114659559961,98.77841828585831,975.975975975976,0
5,80.1888699522248,7.103900811656532,101.42952030810905,980.980980980981,0
4,69.4988082432475,3.0420895077854597,102.55797790581998,985.985985985986,0
2,44.7066256007534,6.621407310699987,89.9540225126741,990.990990990991,0
6,82.98177707834697,6.0703469420981975,93.98396999615369,995.9959959959959,0
6,84.44173078548968,6.637261323559797,96.74867475270742,1001.001001001001,0
1,50.95487928134828,2.589992957801945,103.44566525203444,1006.006006006006,0
9,71.75421075300113,6.175859485468783,99.541314707448,1011.011011011011,0
6,83.88591121444182,7.171187352816343,117.5954880073856,1016.016016016016,0
3,82.30161313457147,5.386791566323481,112.70677478469462,1021.021021021021,0
4,78.36061051159524,3.3627666407908463,97.05508665961942,1026.026026026026,0
4,43.527471201024916,6.839495228655981,120.72675846177908,1031.031031031031,0
3,77.29542766635814,5.227839256201539,128.09530935363185,1036.036036036036,0
10,67.81896101626057,1.651111472344608,69.34260557616824,1041.0410410410411,0
3,79.95857528718494,3.2076210753666796,113.98435127599419,1046.046046046046,1
3,72.56161458433824,3.9474109375460524,89.60523704002752,1051.051051051051,0
4,69.80118389711134,8.011636575279313,112.01122031984949,1056.0560560560561,1
7,76.40903849409236,7.660366172612429,118.57356910969648,1061.061061061061,0
4,68.28086628928241,7.653937062113352,86.84511108234172,1066.066066066066,1
9,69.75722720108058,5.464720555367733,72.2150935147636,1071.0710710710712,0
1,64.44776000871238,6.827189583558399,112.53151132323798,1076.076076076076,0
8,53.94591008815438,2.7184411826282187,102.03103723725417,1081.081081081081,0
7,75.67853473771271,5.013606196785543,74.97341869146058,1086.0860860860862,0
2,61.939696803294304,5.9032654032991925,137.94346758194234,1091.0910910910911,0
8,67.99208133959266,2.8502018853817597,109.36629118384828,1096.096096096096,0
1,72.86973958453933,5.41982417928374,110.05150060187728,1101.101101101101,0
9,49.147823564345614,8.373278371608688,120.48726628843073,1106.1061061061062,1
9,51.38651096323177,6.117539569121254,91.28764070730247,1111.111111111111,0
2,67.00261423390798,6.835090413328241,101.95681168133015,1116.116116116116,0
7,74.54563482299656,0.09518615313547496,80.21017129330356,1121.1211211211212,0
10,77.44038270649162,8.11593769830585,90.88077329072223,1126.126126126126,1
3,54.08685504124093,4.627755304495661,105.78490000703857,1131.131131131131,0
7,76.36631484412815,3.4626273718599156,75.02072999301322,1136.1361361361362,0
10,67.54930381683664,4.650724296380139,90.45565681482879,1141.1411411411411,0
9,61.16842754903523,2.0299556834382044,86.08099060093419,1146.146146146146,1
4,63.514481439406296,7.095884123504285,102.13138368430518,1151.1511511511512,0
1,78.01857332040166,4.329208554452414,108.62051892498023,1156.1561561561562,0
2,72.74005785085572,3.522738375947861,111.13229206564685,1161.161161161161,1
1,70.50306522755321,4.6638898686232695,114.98224967167226,1166.1661661661662,0
5,72.434957388079,7.236031309152282,120.58175269858556,1171.1711711711712,0
5,79.28097776616194,5.262916801562441,109.1086818052511,1176.176176176176,0
7,69.02900432596677,2.180612460933066,128.31003848341624,1181.1811811811813,0
9,70.54318886454237,5.9299616594821645,101.79253781897023,1186.1861861861862,0
9,81.38170740137805,3.14204009135475,97.40018268624178,1191.1911911911911,0
3,66.68413375736841,0.6877979372503669,109.1096104504006,1196.1961961961963,0
3,76.18140595280681,7.992014425434356,96.75383237511117,1201.2012012012012,0
3,64.96295519326858,5.914459749655378,127.78847093162574,1206.2062062062062,0
4,65.84132658588216,4.8434586723931705,116.96475209702818,1211.2112112112113,0
8,68.95950243200363,4.308780970606603,111.25417216299272,1216.2162162162163,0
6,75.15272852986766,7.794159001466632,101.97129016062026,1221.2212212212212,0
8,81.94181962551069,11.174310300396812,93.88784242877706,1226.2262262262261,1
1,70.96545263538775,5.897561037133033,110.5198750685164,1231.2312312312313,0
8,55.00163088676456,2.9407306353442477,83.09353822229562,1236.2362362362362,0
4,76.31446293533938,4.691068962264048,123.01545300161531,1241.2412412412411,0
1,94.53842174145709,5.861145344188098,97.3354494192194,1246.2462462462463,1
8,71.08668831067351,0.3009433860162689,104.57660099861094,1251.2512512512512,0
4,52.912323608204204,5.668998403556236,86.35598385710067,1256.2562562562562,0
6,71.6965288947085,5.8728502589861575,110.84479394678831,1261.2612612612613,0
8,69.96987396816161,7.652684395974441,93.19387580742507,1266.2662662662663,0
4,69.1289115663761,7.444246604746107,109.73843185457648,1271.2712712712712,0
3,79.45409899977133,5.222344320579072,111.36090203466084,1276.2762762762763,0
9,83.78274786335724,8.029273813160717,90.28551829617189,1281.2812812812813,1
3,76.83585745201083,9.071356638077512,83.14706318629007,1286.2862862862862,1
9,68.66941915328931,5.0559029104889195,122.97849874816816,1291.2912912912914,0
2,81.2567878436963,5.836374156935498,97.11551448956376,1296.2962962962963,0
2,55.06170358785759,1.4654052937788475,103.37273224068457,1301.3013013013012,0
2,62.839438792660054,2.098053475117824,107.28196786970113,1306.3063063063064,0
6,63.9537222139827,3.3236073719809625,81.1944980515267,1311.3113113113113,0
3,69.69049352068066,4.112763390965894,106.93999205229832,1316.3163163163163,1
9,75.06734662486838,2.807753950523863,101.48689804231955,1321.3213213213214,0
4,67.99287051662716,4.928009176045516,90.34703953443413,1326.3263263263264,0
1,60.939642054977256,4.172581664650763,82.65196022743406,1331.3313313313313,0
4,79.7485028469613,7.14179046267923,109.08828321935904,1336.3363363363364,0
1,67.64543277795306,4.050452709032584,116.91568012292319,1341.3413413413414,0
5,71.02128920871034,0.4265641035690111,102.67885776089204,1346.3463463463463,0
4,75.51067745475908,5.251502345070841,78.4830198722547,1351.3513513513512,0
8,70.38877607922947,4.971603951177322,84.14000774237904,1356.3563563563564,0
8,70.4327169474429,3.2759002371910126,93.51814436013919,1361.3613613613613,0
7,80.3047342043583,5.189999766994074,123.46929611741125,1366.3663663663663,0
3,71.51369474570376,2.84947082354733,96.29874006851686,1371.3713713713714,0
1,78.62796985790489,5.6596799072466855,92.971466158027,1376.3763763763764,0
1,75.4466744431839,10.265848873859703,74.89772800485828,1381.3813813813813,1
3,90.16887544186916,1.3887890541864674,90.14972814834833,1386.3863863863864,1
6,74.0941341786913,3.967515825981679,81.50595469013754,1391.3913913913914,0
7,76.37973270150773,3.6469897571017285,84.952302536158,1396.3963963963963,0
6,81.01656713996367,4.133480233024913,101.79926020238113,1401.4014014014015,0
6,70.63617759950169,7.039849159193949,93.98253691583234,1406.4064064064064,0
6,63.62146903270559,6.085653118638049,125.4924167900702,1411.4114114114113,0
3,65.25854418876543,6.697533005212847,116.17005059061215,1416.4164164164165,0
6,65.35493074497512,5.060991009507196,90.86674093284492,1421.4214214214214,0
8,60.49669031803282,2.3558013601102847,86.24773237389228,1426.4264264264264,0
2,73.17805169201884,2.7706292774800407,120.73962903496289,1431.4314314314315,0
5,63.70483451950916,6.492519414933184,124.90063734225225,1436.4364364364365,0
1,71.94852821201847,5.3416637968265945,67.08627634681702,1441.4414414414414,0
1,68.41325556289364,7.520414812157677,101.39286435957553,1446.4464464464465,0
5,69.58378506707486,5.5865242064935945,96.2218253815491,1451.4514514514515,0
3,75.56056647828856,2.63397001333575,109.73680210089906,1456.4564564564564,0
4,64.58100875611453,3.9561963716336903,129.14002186242257,1461.4614614614616,0
3,76.38891045936774,6.1296282993658595,92.73914471008302,1466.4664664664665,0
1,85.67307866638953,6.420664992477251,69.0895222800413,1471.4714714714714,1
1,73.43109082951759,6.710217264309376,108.68511550223896,1476.4764764764764,0
5,62.179043147275316,2.902951773589614,120.84946102906304,1481.4814814814815,0
6,63.849819886602035,2.59793966784615,95.44360327720338,1486.4864864864865,0
3,67.51737099214884,4.620394960505158,89.42443779790509,1491.4914914914914,0
9,64.05109702930434,7.880147033066909,93.44110891933451,1496.4964964964965,0
5,60.0881969038995,3.612263358383964,112.75308050696853,1501.5015015015015,0
8,71.54407276961692,5.909943781201946,93.18308588072529,1506.5065065065064,0
1,67.78802668274201,5.91012227787793,104.93140450514268,1511.5115115115116,0
5,71.89720883558059,6.521545499341227,100.4170437360991,1516.5165165165165,0
3,81.86387412215288,8.32888050789642,98.86930581365851,1521.5215215215214,1
1,67.63647166075641,8.123812849532213,110.51938490128349,1526.5265265265266,1
4,58.145799953196885,3.81078833232099,92.82130150203709,1531.5315315315315,0
5,66.01107507746448,0.8042091173826522,93.54120159726581,1536.5365365365365,0
7,77.70425217116643,3.6429413292705144,111.96404274999631,1541.5415415415416,0
1,76.76770270716955,5.151344588094471,85.19612013747022,1546.5465465465466,0
3,75.18639647613567,4.276709444628686,86.79669713766509,1551.5515515515515,0
2,63.75293276837897,8.935797885856271,81.0952856298461,1556.5565565565566,1
9,77.51902618032699,5.037560608632899,112.7351636991483,1561.5615615615616,0
10,79.76899078037066,6.307423760512387,98.42144547878098,1566.5665665665665,0
6,63.04578370110024,5.434428619294687,80.29577280881401,1571.5715715715717,0
10,69.58429902457476,4.306733633018355,112.80712843463603,1576.5765765765766,0
3,90.20401963682112,1.150376644074667,91.66686757636846,1581.5815815815815,1
8,62.60125723536613,4.842764722917029,86.92482881744672,1586.5865865865867,0
8,52.949133307562754,11.509294586308254,97.06482161684572,1591.5915915915916,1
2,83.82904434464798,2.5110832003243324,122.18085414201838,1596.5965965965966,0
6,81.3660477170456,1.370253911251551,94.07556705255145,1601.6016016016015,0
7,65.43032676422575,8.872778605137821,108.63008296173376,1606.6066066066066,1
2,68.87008218131913,6.48416593973867,110.9062003067643,1611.6116116116116,0
10,57.75064949811048,5.374839761046873,106.64909947009609,1616.6166166166165,0
2,70.88952272609703,7.725347724734116,119.06607474511392,1621.6216216216217,0
10,81.659137153714,3.336996114087807,89.39325993051581,1626.6266266266266,0
1,64.57395158241722,4.786810478170697,84.34997735424496,1631.6316316316315,0
8,78.77101978786293,6.910308233801646,84.05550015962508,1636.6366366366367,0
1,74.63723857390433,9.220708735640791,97.8329737705031,1641.6416416416416,1
9,75.7781689088114,2.6629113706867833,85.79430013239207,1646.6466466466466,0
6,65.15690819413632,7.56146891712079,102.21311367797993,1651.6516516516517,0
7,66.45375817066505,5.763678121681968,101.1548262958734,1656.6566566566567,0
10,51.532275655285986,5.326122134858832,115.2785995477906,1661.6616616616616,0
7,64.33330587489894,4.984541555490524,104.3671646235406,1666.6666666666667,0
10,81.63485458031259,2.2307067586107934,93.75772216207828,1671.6716716716717,1
3,60.70667805897726,6.926177996426064,106.16273806649025,1676.6766766766766,0
2,62.19698346143095,3.435461959347344,84.5470897015309,1681.6816816816818,0
9,76.40189823707124,2.840618594995306,99.42788967963524,1686.6866866866867,0
8,74.02768291993094,6.770917917800676,104.79101850393371,1691.6916916916916,0
10,76.898632497963,6.578268050293357,101.9397639722519,1696.6966966966968,0
7,58.36779459909596,5.1580001672221245,106.22597642403976,1701.7017017017017,0
9,95.64057949300346,7.159087241623283,90.33930976430813,1706.7067067067067,1
4,57.8424662583275,7.85187316295823,117.28047104214274,1711.7117117117118,0
4,71.54247313734068,7.6164481556510815,127.3325342409356,1716.7167167167167,0
1,68.41344504131413,3.94344205319604,75.95985782712108,1721.7217217217217,0
8,58.13358482634953,7.028209862559424,81.76603006068628,1726.7267267267268,0
3,66.2979057718675,5.4232819550172975,100.64624512036578,1731.7317317317318,0
7,70.2330760088587,8.451815540704748,96.15173529170688,1736.7367367367367,1
2,63.5002678813653,4.752543327465654,128.44618608659172,1741.7417417417416,0
2,79.3722362153485,4.287056725263339,103.29676485136692,1746.7467467467468,0
7,68.38374254537528,3.7724062463142465,120.88817880588937,1751.7517517517517,0
6,56.587253289817134,5.378575788471111,69.263141703196,1756.7567567567567,0
3,55.73874467330703,5.933450935184208,112.21254224998528,1761.7617617617618,0
9,76.06165090611456,5.971924565854542,89.26724771112518,1766.7667667667668,0
10,55.132292172996635,5.698345080623714,89.02686145570514,1771.7717717717717,0
6,73.16426073049084,6.342074025359612,96.27462960381814,1776.7767767767768,0
10,74.44655185666959,4.5549163281712035,78.63124540403362,1781.7817817817818,0
10,60.04644636075983,3.254969368816257,106.64178287982779,1786.7867867867867,0
6,78.9073808377489,3.0803440061727043,102.86072450075193,1791.7917917917919,0
1,52.82206376238368,6.950102190606937,103.99288372280905,1796.7967967967968,0
4,72.9645893399856,5.940644621056579,113.30546533199359,1801.8018018018017,0
10,69.59142066403992,1.288324458099352,122.7217306929123,1806.806806806807,0
6,68.81002024269107,7.193506853599882,94.54433426368679,1811.8118118118118,1
6,58.22103357019427,8.76087029280531,107.1602595960471,1816.8168168168168,1
5,60.629779956000746,3.5681662984829345,104.39482312502469,1821.821821821822,0
1,86.18802025020598,5.6723200925520825,105.66421759493409,1826.8268268268268,1
8,82.15155008871754,4.053083812735281,105.88896496698975,1831.8318318318318,0
5,77.42084588523798,6.256613850942333,123.85755016847259,1836.836836836837,0
5,79.39848103529688,2.6679822218495497,93.1048469726606,1841.8418418418419,0
7,78.46013544671268,4.857108685802438,77.11396145194476,1846.8468468468468,0
4,66.76643787713792,6.962628255997562,89.53189347076169,1851.851851851852,0
6,70.47603551814352,7.471423478597679,111.35900400303107,1856.856856856857,0
4,55.27491621958991,5.852991637839377,100.34994262970766,1861.8618618618618,0
3,69.10304373192474,4.321909393580522,92.98600989257505,1866.8668668668668,0
7,81.83414249539186,1.814797831312783,83.85254097385537,1871.871871871872,0
8,63.392927517428646,3.4849005775214366,103.31929182595799,1876.8768768768768,0
4,80.23141204687226,4.06145319049044,109.66759412910713,1881.8818818818818,0
2,70.91585738693763,3.6045324333967717,104.58808082644042,1886.886886886887,0
10,56.146281343302675,5.11910593662723,96.2000450326758,1891.8918918918919,0
3,58.926804866536884,4.31622452765743,102.19961926446193,1896.8968968968968,0
1,79.19302869707755,5.344242744670886,102.11264449836123,1901.901901901902,0
8,75.52524085258385,7.405254602095328,102.84545396826493,1906.906906906907,0
3,71.01764072987625,4.187075557541277,82.2354257347132,1911.9119119119118,0
10,67.25968185752055,2.2342660454915504,102.95989525922317,1916.916916916917,0
7,72.10567977628585,3.5965848037502504,93.39105297300708,1921.921921921922,0
10,78.80296249253249,6.167176939946543,115.60927909014639,1926.9269269269269,0
5,84.75853280487284,6.355887569905346,101.99377962625411,1931.931931931932,0
10,85.23684199440605,5.812170394032468,112.53218832734338,1936.936936936937,1
5,73.71959900758497,7.601474611776032,95.47327919425372,1941.9419419419419,0
7,68.28068309635479,4.627273860246029,96.01429243582812,1946.946946946947,0
9,71.46248007818856,9.104332296018647,122.41376869384499,1951.951951951952,1
5,75.22120357255079,6.636374272211814,106.54502782623263,1956.956956956957,0
1,75.18066943845092,-0.046974940415754673,89.28228201391391,1961.961961961962,0
10,83.07986637140105,8.601317259927132,113.45461657930711,1966.966966966967,1
10,91.15755721916655,3.4660267797285567,92.00042899858194,1971.971971971972,1
1,67.94745370385914,2.9317976210861385,103.38547206717284,1976.976976976977,0
2,91.55884908824461,6.047542219665788,127.55011946289108,1981.981981981982,1
6,81.72239246758393,1.5236390553269126,78.53076418542918,1986.986986986987,0
9,68.99177009814792,3.6090615373567734,97.36327117350196,1991.9919919919919,0
8,84.9856483886508,8.114197081248415,106.12407461353045,1996.996996996997,1
5,86.85648301419165,6.112435157995005,111.47047501997011,2002.002002002002,1
1,65.39704555806154,6.62447956187844,81.38149138958691,2007.007007007007,0
7,87.32215252485648,3.6861787990050523,76.96314597137473,2012.012012012012,1
5,80.75082821035963,1.9232600020637936,116.36124027985639,2017.017017017017,0
6,93.68559127979192,6.413634858627468,89.19377714794244,2022.022022022022,1
7,65.75961418000502,6.860512312483901,88.56576238004027,2027.027027027027,0
3,66.46573256264004,6.76998677216222,123.2537450915825,2032.032032032032,0
10,49.7333787025666,5.418138460235731,101.04553472097734,2037.037037037037,0
3,75.71193920567963,3.0658635130558585,101.14357341522361,2042.042042042042,0
5,73.75251255618718,9.87553917611946,97.30300832272701,2047.047047047047,1
6,64.37006328464334,5.959574885968351,81.64026899885245,2052.052052052052,0
9,69.18149268511942,4.652226716821664,110.13545424091582,2057.057057057057,0
5,56.88778989824885,4.661101525033264,106.14175782888435,2062.062062062062,0
1,81.98444952831686,5.299194956147107,102.53036988009148,2067.067067067067,0
4,65.1030052547169,7.1392165243159615,98.25515441085614,2072.072072072072,0
5,100.9404901562095,5.379256246610905,95.6152052599257,2077.077077077077,1
10,68.24398699288967,6.7170263068949945,113.68725084321122,2082.0820820820823,0
10,62.4038115895169,5.302795375786415,97.88060405190858,2087.087087087087,0
5,65.87686881265138,4.7752922170592385,99.03908442199166,2092.092092092092,0
7,55.88039023455749,6.282500786656778,107.9483973232566,2097.097097097097,0
4,74.82271890702943,6.206572067347593,103.11941396020579,2102.102102102102,0
1,65.80100300220877,4.66073176180969,124.63414086310658,2107.107107107107,0
5,81.31252790397738,3.5015860845714815,73.57949833790043,2112.1121121121123,0
7,67.25252504825582,5.6834578294808695,104.49861157550895,2117.1171171171172,0
10,83.84442111685647,5.156697337925188,89.41591329291747,2122.122122122122,0
10,77.5745574931704,3.890256574458485,85.86870197867606,2127.127127127127,0
6,70.28596776718344,3.3151990349264064,93.14403690933479,2132.132132132132,0
5,85.80232587350821,5.820951687788913,100.82019112722642,2137.137137137137,1
4,79.52293461037209,6.100190114055389,101.48603613885115,2142.1421421421423,0
2,99.46212826663225,4.279935770690279,77.24040676482261,2147.1471471471473,1
4,65.90544755021796,3.8401259281741487,91.88374255483271,2152.152152152152,0
10,70.7661610545846,3.339489621925619,104.21832327214689,2157.157157157157,0
10,85.6870901101093,5.764509878289838,86.84604323824519,2162.162162162162,1
3,54.564621881648876,3.3920458527185264,83.27824142925226,2167.167167167167,0
10,83.16943563232562,9.482269138041461,66.15801538760584,2172.1721721721724,1
1,74.3930275768147,4.179437128058006,90.05209827436963,2177.1771771771773,0
8,61.117892445527524,0.14957144425479818,82.7555620157378,2182.1821821821823,0
5,56.369603414488786,4.9396566667417305,85.24100675334913,2187.187187187187,0
4,63.27510526869716,4.853933040362395,95.92269545080521,2192.192192192192,0
8,47.15180427674428,7.223437135048377,91.00256685185653,2197.197197197197,0
7,65.10460556308496,5.576252473455408,82.5064315921104,2202.202202202202,0
2,76.22556333342581,3.3323296331203958,68.2623765215016,2207.2072072072074,0
1,65.23699359031173,4.4272162530064465,104.53466957721464,2212.2122122122123,0
4,83.88312701433807,5.654839543301976,111.2924082071271,2217.2172172172172,0
8,86.59947602725288,0.6705714993791787,94.0488253150844,2222.222222222222,1
2,82.75644482625773,7.677243468780902,96.01336455318584,2227.227227227227,0
3,72.30640910264366,3.3376602283906704,100.04215773529185,2232.232232232232,0
1,46.75320727513531,7.834087641895234,123.68175364918378,2237.2372372372374,0
1,62.96302507967394,5.784930282253177,76.48438309261343,2242.2422422422424,0
3,68.57961473225613,6.259188272787949,93.78265411191146,2247.2472472472473,0
5,61.06132350495189,7.298846872002544,74.1704055380092,2252.252252252252,0
3,68.60494524513429,6.146264105384997,105.43477688103339,2257.257257257257,0
1,86.1006746869338,6.345772432634902,97.84062409317983,2262.262262262262,1
1,53.54223470484682,4.6711671190772375,103.04488169404117,2267.2672672672675,0
8,88.11692056119027,5.74433736294419,102.29683843886615,2272.2722722722724,1
10,78.84726421754138,3.825004370056514,114.86062380555273,2277.2772772772773,0
2,72.68216808277695,4.313177800824065,108.07199446852698,2282.2822822822823,0
3,62.86383444259236,8.929390095937817,112.45761936490132,2287.287287287287,1
2,61.26049654508574,3.383612829899157,84.01697965154584,2292.292292292292,0
3,53.7378228541126,5.308634253272562,117.89756297462716,2297.2972972972975,0
7,87.16765480314388,5.2269380734309525,89.16455890766501,2302.3023023023025,1
1,85.37611560074042,4.378491056438402,90.0269568606403,2307.3073073073074,1
10,55.93715371416718,6.028801873140876,104.06263866029492,2312.3123123123123,0
8,64.47372005093798,6.179444185482766,104.52877394573915,2317.3173173173172,0
10,74.33144769231909,3.148361633704842,83.92214796651282,2322.322322322322,0
10,67.00490861827792,5.202713423093103,97.40081062339155,2327.327327327327,0
10,50.813252429681825,2.835265322455286,122.32352975304214,2332.3323323323325,0
2,63.42227239444312,6.577097236634602,77.97495157698857,2337.3373373373374,0
3,89.51034298020019,5.35297462072525,122.27828861519089,2342.3423423423424,1
9,64.10021409585556,5.164659773434175,96.37452322875265,2347.3473473473473,0
7,68.36532663297793,6.318062697744806,64.9336774984727,2352.352352352352,0
4,58.54822575964619,4.448979419063198,79.49902399775641,2357.357357357357,0
10,75.87762985283749,6.828043918436409,85.54783693397209,2362.3623623623625,0
5,71.15151799024584,3.1031102544877283,90.64106048825886,2367.3673673673675,0
2,62.57980258443021,7.823753037789055,98.42930112061993,2372.3723723723724,0
8,56.95344604192575,3.898177634890293,59.44779805357642,2377.3773773773773,0
4,84.04543374010876,1.6076418646088246,102.8020658871648,2382.3823823823823,0
9,53.944565933589196,4.342930183074536,84.17364237512673,2387.387387387387,0
5,75.03815695589554,4.116063605491582,120.85783857401589,2392.3923923923926,1
9,48.46120755288427,4.327852027699927,95.94734918884038,2397.3973973973975,0
4,77.07211683012383,5.463296030967966,114.14269257599095,2402.4024024024025,0
10,79.70298887260061,7.195684721776545,116.6552346987144,2407.4074074074074,0
5,80.94783711639914,4.616588172205726,116.24909865199325,2412.4124124124123,0
9,68.38791531430132,3.6167648603621982,91.50389885556271,2417.4174174174173,0
8,85.84003605563696,2.7469063754324057,91.31199763418014,2422.4224224224226,1
3,93.07791694996068,4.063634417381912,96.62540051067528,2427.4274274274276,1
1,66.78376863954037,1.2243503214992946,109.54356063068388,2432.4324324324325,0
3,65.48994969870073,3.5497338129672777,92.33957095368756,2437.4374374374374,0
4,71.49177260344936,7.488107791724373,98.21106289614629,2442.4424424424424,0
2,65.22319854105793,3.353281590843154,104.10390724509175,2447.4474474474473,0
1,63.76129803989879,6.25743172160061,86.426621109282,2452.4524524524522,0
7,64.6326145975849,2.5470358203830203,85.47837567506323,2457.4574574574576,0
8,87.15756008006245,8.542191798621108,97.62604177894015,2462.4624624624626,1
7,77.71881995035432,8.67521346612942,99.61268222427462,2467.4674674674675,1
5,65.1905387274191,6.182043113119753,106.50828220002465,2472.4724724724724,0
1,45.44874974277714,8.982505203287044,110.07829862427334,2477.4774774774774,1
7,54.55535506393532,5.7115859498553245,83.51405769142528,2482.4824824824823,0
7,75.03429082601878,6.537034228299112,87.81872602084653,2487.4874874874877,0
9,48.78444058611183,7.523867753463069,85.43871568655346,2492.4924924924926,0
3,72.92993527451955,5.3594369061968985,121.18671102387133,2497.4974974974975,1
9,59.34436275134974,1.8952450768298772,98.19594114696197,2502.5025025025025,0
1,70.91805774580673,6.5779267104687955,100.24193942867531,2507.5075075075074,0
1,70.63856301334143,4.056280811133073,100.8666154602027,2512.5125125125123,0
4,71.2058993389071,4.20494035808908,89.2649497942354,2517.5175175175177,0
9,66.0557815292148,5.595789832957379,123.46404278419045,2522.5225225225226,0
6,65.72714374392268,6.132561759434741,106.16539982228092,2527.5275275275276,0
3,62.792095810635615,5.300269268012436,100.59385794666923,2532.5325325325325,0
1,74.8389231724189,6.2714590723146175,83.4211536827415,2537.5375375375374,0
4,78.05192674780949,3.586285731879607,82.57101262515633,2542.5425425425424,0
9,57.810274774638735,4.914592410553433,95.36638702591347,2547.5475475475478,0
3,69.48371527707731,6.698170900901742,89.50012309642256,2552.5525525525527,0
9,71.96582073487738,8.545582352873431,83.98833481680172,2557.5575575575576,1
7,71.83771134623042,9.252871177946417,94.43562970642667,2562.5625625625626,1
4,71.66769619596518,5.8659533654554625,96.75357957586166,2567.5675675675675,0
3,65.97965189654775,6.680019653491215,102.12678130690405,2572.5725725725724,0
10,72.7903042546254,8.963158329630382,92.44120792938605,2577.5775775775774,1
5,76.1802871098362,3.658327926533011,84.88598958009953,2582.5825825825827,0
5,71.41036655822565,6.259399705425166,85.4061867101313,2587.5875875875877,0
3,75.05939836533724,6.5366858989722925,118.19459093839282,2592.5925925925926,0
9,79.90353411037508,7.895722872153489,81.22363470457387,2597.5975975975975,0
4,51.49059642104732,2.7257172389275555,105.44773447436906,2602.6026026026025,0
5,79.43463841865368,3.1211884323989665,107.79319494661594,2607.6076076076074,0
4,73.42427765221275,5.0427644222094115,98.18086786246496,2612.612612612613,0
5,58.883746722612734,5.755455324643271,126.51743587607768,2617.6176176176177,0
7,78.02470882319689,7.245727907467615,107.52578489541548,2622.6226226226227,0
9,66.01679093976038,6.035087551624542,127.64354572456976,2627.6276276276276,0
7,67.38033563681446,4.697173539779432,90.23403997127691,2632.6326326326325,0
5,64.92320217534338,5.8329228895122816,90.49081885159872,2637.6376376376375,0
10,73.02398844238225,5.602088952548903,107.91305738020023,2642.642642642643,0
10,62.14646857487947,8.490032859975576,96.07801544021196,2647.647647647648,1
7,79.01474629947786,5.331317887137065,125.28498137338026,2652.6526526526527,0
10,68.61137412805328,4.233833172894872,105.12550575446406,2657.6576576576576,0
5,66.35797516512062,5.899218060143659,84.33138670214926,2662.6626626626626,0
3,77.5287567761397,5.396970638677065,73.94775387183961,2667.6676676676675,0
7,66.80443237680919,1.858013288650656,98.82642111485103,2672.672672672673,0
2,79.48176825362302,4.968695876755662,98.6631530570015,2677.677677677678,0
9,79.79592950840866,4.798523509187989,104.70648884962581,2682.6826826826828,0
10,56.65196161781023,3.9122562684413675,118.16035860633855,2687.6876876876877,0
10,81.09260202222924,7.071166575245945,116.1866995599089,2692.6926926926926,0
1,55.37964028498114,3.4286408067760084,91.31648451495352,2697.6976976976975,0
6,81.71580526882511,5.911237239049077,80.59270897293368,2702.7027027027025,0
7,90.28357192230239,4.704286000312539,81.48818297486395,2707.707707707708,1
8,78.74834438269131,5.215390011293565,88.94797442017932,2712.712712712713,0
10,48.43019355300327,5.823572582091734,94.49902677941472,2717.7177177177177,0
9,80.63565719386018,2.3848512322179976,104.5759320844775,2722.7227227227227,0
2,92.46128965936012,5.383321783469566,87.98548604656031,2727.7277277277276,1
10,66.96968359001971,9.577894979426414,104.20587956669972,2732.7327327327325,1
2,69.6529667997011,1.8864733082425515,105.43060218788578,2737.737737737738,0
5,58.11513278073568,4.884784072568991,102.15015823893835,2742.742742742743,0
5,73.1207941881967,7.24647864964764,83.07065504480957,2747.747747747748,0
6,82.69177182543129,5.603238495907194,107.01740087853938,2752.7527527527527,0
3,76.97737128149454,6.375933904232067,131.21904443150083,2757.7577577577576,0
8,101.419669772878,0.24866797781476802,103.68845240369357,2762.7627627627626,0
1,70.33027042965797,6.1964987492599,55.703873490230954,2767.767767767768,0
6,53.69326632584736,3.476623587532803,118.61319358070354,2772.772772772773,0
4,71.7097097156822,5.619754569166293,89.4587833495092,2777.777777777778,0
1,45.8354823478751,4.941130538181018,133.98569035743537,2782.7827827827828,0
7,64.66896075135486,9.556666058323266,101.74545177048941,2787.7877877877877,1
9,86.24382058600212,6.093390647531751,74.72948959021261,2792.7927927927926,0
4,73.25133648631771,4.774752341474428,69.02953765061872,2797.797797797798,0
4,71.79416812831269,1.980614481492891,123.09611144013817,2802.802802802803,1
6,88.20780376715356,5.242293803699793,116.58857478875909,2807.807807807808,1
3,67.2940010833663,6.646457756693645,133.39028328650033,2812.812812812813,0
6,82.61820412934108,4.838896216361554,100.16386728360332,2817.8178178178177,0
7,71.29306975166341,3.988687280125118,99.15205174930479,2822.8228228228227,0
10,73.80047463459026,3.8548266723073628,94.25921811762164,2827.8278278278276,0
10,57.82695144136987,6.070282870910641,90.1256463811117,2832.832832832833,0
3,65.17953205171783,6.518775878618314,94.11355668313277,2837.837837837838,0
7,56.024817671561266,7.722420230642237,103.26194998486044,2842.842842842843,0
3,69.04754921774655,3.010000213579284,87.34148819631847,2847.847847847848,0
2,73.90402343916267,6.0519551168352335,74.96065979689024,2852.8528528528527,0
10,58.89961894908548,4.756592091164266,102.39814951021266,2857.8578578578577,0
4,90.49178922684823,4.815531590733439,87.00706601959853,2862.862862862863,1
8,72.7810601909196,5.803651708068004,51.408434125898964,2867.867867867868,1
9,70.5779558558522,5.815312507249895,108.28851085985517,2872.872872872873,0
7,77.69657751345625,6.057536211583147,83.37911442824458,2877.877877877878,0
1,61.71071919134078,2.88505761560838,109.92684182036102,2882.8828828828828,0
3,71.63477479167453,3.500377185667083,109.56772159773972,2887.8878878878877,0
9,62.83133779642409,7.971736551035368,104.25385017284249,2892.892892892893,0
1,85.58679910088983,4.55885506503832,137.45226760534743,2897.897897897898,1
9,59.41360650602918,5.612028796035792,97.92922225041434,2902.902902902903,0
8,70.63165459307173,7.109332624086372,95.71540648752118,2907.907907907908,0
1,73.29315785151776,5.926886144721638,110.25508632125376,2912.912912912913,0
6,73.94825744407702,6.093045261944079,99.1682895682931,2917.9179179179177,0
5,64.18764826917167,6.7891553584875135,117.40740306091014,2922.922922922923,1
6,61.044905978549025,0.7666724782059999,80.96791138636716,2927.927927927928,0
10,64.33204826953902,4.020099689678931,81.21738328803491,2932.932932932933,0
5,75.28325434210282,5.9372115929991836,111.48714236989326,2937.937937937938,0
6,68.56154229088037,7.775288614115315,82.52783590992095,2942.942942942943,0
5,77.96208808452522,5.132191119311546,109.13647909664071,2947.947947947948,0
5,74.77003719395073,3.310567076487809,105.55004269315549,2952.9529529529527,0
4,47.23087301900392,3.3638279007789955,89.58267570958505,2957.957957957958,1
3,72.47497796837212,6.767722406906149,105.5075524035015,2962.962962962963,0
3,92.50454767816271,4.564452835216227,81.4811133132364,2967.967967967968,1
4,83.25269051038332,4.985599908419327,85.00150110604449,2972.972972972973,0
9,74.22013160706969,6.230060387544638,96.44218392381902,2977.977977977978,0
2,59.406078695300565,-0.8030473653871582,101.18391728608331,2982.982982982983,0
9,74.77553716125647,9.000735023016162,95.44542194518213,2987.987987987988,1
1,77.39749939878259,3.537852329897877,106.49673945809667,2992.992992992993,0
1,67.46253319172416,5.483872738947143,105.82699622572437,2997.997997997998,0
5,73.16742058804438,1.5906059730074578,122.94050212522217,3003.003003003003,0
6,85.0966245839604,4.154917779189924,98.57071979282493,3008.008008008008,1
6,61.42725580258274,7.489376092730193,117.91845146776193,3013.013013013013,0
3,59.41700395040873,1.1676656406682424,113.8108826934084,3018.018018018018,0
7,76.92699325994212,7.252400174378282,134.40965924939724,3023.023023023023,0
9,74.5754263619808,4.452607807535231,98.09112970146589,3028.028028028028,0
10,80.28838295412811,5.974328880440384,93.69461917820517,3033.033033033033,0
8,75.6979381190377,6.315048826970221,118.865413333656,3038.038038038038,0
6,64.32244936825806,5.882842998981851,105.78148857611893,3043.043043043043,0
8,74.32192651465405,3.270098696738347,119.22488825175849,3048.0480480480483,0
5,58.57873456703827,4.270901706929953,110.7519819698425,3053.053053053053,0
8,67.49681288267006,2.0768876454983687,68.39856862900757,3058.058058058058,0
10,75.02799230966404,5.983592663176159,105.64482665546774,3063.063063063063,0
4,66.3948578327611,8.404110308031852,104.66823846927234,3068.068068068068,1
10,94.68052182229826,1.351118226647075,101.99660353695944,3073.073073073073,1
8,51.07815751176333,3.476708187723929,98.01635418814925,3078.078078078078,1
10,64.5250964300119,4.636449448234133,76.11784708308508,3083.0830830830832,0
2,60.62220166130089,5.346682847427108,113.11265375857485,3088.088088088088,0
5,62.996511925420464,6.758352602868853,105.60652642140242,3093.093093093093,0
9,63.57001776519122,4.695600039284667,116.52935046096137,3098.098098098098,0
4,56.73579313141007,4.368082547108699,76.9186671358712,3103.103103103103,0
6,77.52702148572627,7.206261412139481,107.60701734317902,3108.108108108108,0
1,64.52904702612899,6.323991134126611,96.48010993680155,3113.1131131131133,0
9,71.63573335588654,6.077955951402197,102.15682014888294,3118.118118118118,0
1,65.65174238089755,5.225031423176229,96.65260548728664,3123.123123123123,0
5,63.091195877137906,6.966304421839718,108.15411891220195,3128.128128128128,0
4,86.7227923608685,3.6873812175394667,97.5569031851263,3133.133133133133,1
3,79.22932182209408,3.414611435627844,84.22127612416466,3138.138138138138,0
6,51.31799600044855,6.4922019737386485,101.29638128179286,3143.1431431431433,0
2,50.25862551664113,1.7499280615061834,96.7873819429675,3148.1481481481483,0
3,80.42608835636487,5.184359019272974,98.74909568306674,3153.153153153153,0
5,64.80146608451246,4.366883295474976,52.182827859397854,3158.158158158158,0
9,53.50917666065777,2.1884905386940883,110.23954125353058,3163.163163163163,0
2,80.45735132540341,3.137464840567471,95.28004573979828,3168.168168168168,0
10,71.6912405009909,4.782047815409301,79.77769638972602,3173.1731731731734,0
8,72.5157108483232,7.067926512998046,113.83845275272213,3178.1781781781783,0
2,78.09539272005907,3.6940840174843776,109.54548591629396,3183.1831831831832,0
5,56.900228417176066,7.426762799809987,95.09019705587716,3188.188188188188,0
7,53.68499178615835,5.126358455113032,82.71745930719972,3193.193193193193,0
8,85.80954294903202,7.620769404339942,102.67046102019059,3198.198198198198,1
1,55.62833239257708,3.791016782439903,101.84659126881414,3203.203203203203,0
6,57.777622029244355,4.9023808237892625,113.86501424487673,3208.2082082082084,0
1,59.77564620454234,5.736967206673992,93.34396727709264,3213.2132132132133,0
2,90.79945923690522,4.640979074516976,117.92383202297495,3218.218218218218,1
1,74.93383300411523,6.906048294290471,91.89620494996349,3223.223223223223,0
5,79.6540797443538,0.584872549419468,79.81252323186368,3228.228228228228,1
10,71.96167545578729,9.84481107757988,83.01575866784079,3233.233233233233,1
9,63.98112788798767,6.715549213990324,99.06382691296577,3238.2382382382384,0
6,76.31291283260168,4.652936341929967,99.01728236411901,3243.2432432432433,0
1,54.43384029203197,3.895356652845311,104.91791711126164,3248.2482482482483,0
1,59.04716547903505,3.267158777102891,98.64438953322338,3253.253253253253,0
2,77.32975179261481,6.291230948339474,114.65977774096494,3258.258258258258,0
9,56.4274476917322,6.989963337584708,96.08358852306135,3263.263263263263,0
3,68.10918530838127,4.6749477437402005,70.05585602692875,3268.2682682682685,0
1,68.56487655644588,7.213980825957005,98.18354967301309,3273.2732732732734,0
5,64.71337996662838,3.185479906477755,69.89831968350278,3278.2782782782783,0
7,50.488815251511426,2.832378300026328,104.07086471496547,3283.2832832832833,0
6,63.71071108811307,8.626682410491098,115.85789498477374,3288.288288288288,1
1,61.750316230675146,6.182217227077086,85.20663270576222,3293.293293293293,0
5,71.61439863287698,7.793696403626656,121.27835029587776,3298.2982982982985,0
5,71.10490538699469,3.2921205832246145,112.64246867092646,3303.3033033033034,0
6,73.77961459936874,3.15294921646254,118.09720233122582,3308.3083083083084,0
3,63.24013727025603,4.282781361084916,102.84345784651947,3313.3133133133133,0
5,75.22777950465891,3.3518823169219765,85.1085223637227,3318.3183183183182,0
7,54.43993267226317,6.410730420456902,111.71223141721207,3323.323323323323,1
5,51.78095267347646,3.497747886147109,90.6309863984749,3328.3283283283286,0
5,46.64427275833372,2.656660283865419,101.76826759155033,3333.3333333333335,0
5,65.00702760428003,5.284030824510465,97.42973510794572,3338.3383383383384,0
10,62.467017756614425,2.4200276483495733,116.87043785195344,3343.3433433433433,0
10,77.893156118546,1.4010721370492214,110.95490508884994,3348.3483483483483,0
3,63.5133741295113,5.266514467722556,98.79151302531444,3353.353353353353,0
1,72.73376347944267,1.5015599139795799,70.72589209689771,3358.358358358358,0
5,78.13296576583078,6.550558792590845,90.47158800206198,3363.3633633633635,0
9,63.13680924350884,2.2093325474944083,110.56333434226626,3368.3683683683685,0
1,72.98052210107176,0.5186524271605046,104.20165391569877,3373.3733733733734,0
3,80.01927548955194,4.412406699718412,77.45167098380708,3378.3783783783783,0
4,57.61837225194433,5.289189006592969,72.90118041296667,3383.3833833833833,0
1,70.24852338244644,5.982950127363881,102.93263725236184,3388.388388388388,0
1,63.17965616800686,5.344031398031707,84.14414248426336,3393.3933933933936,0
8,58.25510117506862,2.8813747577645152,85.58805308743635,3398.3983983983985,0
2,54.63548259509771,6.426122361853208,110.08911593173981,3403.4034034034034,1
8,58.09351427821299,6.920277012959493,118.03358170623511,3408.4084084084084,0
7,70.60029005752013,2.5884757430889227,88.73946959445553,3413.4134134134133,0
10,53.89155544438253,4.637987722680772,99.3285953858174,3418.4184184184182,0
10,64.49272975911363,4.451119945781961,98.88630001023459,3423.4234234234236,0
2,78.13194406852898,5.440763165576068,97.53693842955225,3428.4284284284286,0
6,74.49010963418937,4.590152416451782,100.60897714234449,3433.4334334334335,0
6,64.69492377061843,4.864244455854046,111.34748391760235,3438.4384384384384,0
3,86.89690413358724,6.283631060483382,89.89113479905606,3443.4434434434434,1
2,88.9303641391166,2.7722938007977334,77.12083698225901,3448.4484484484483,1
1,70.26122431539726,6.474746270521648,125.3501490040564,3453.4534534534537,0
6,45.31457084115692,7.282265463062502,116.34132886735075,3458.4584584584586,0
5,78.8644819701626,8.268269986977737,83.44543193125904,3463.4634634634635,1
9,47.060236599664144,0.7132653517252816,102.0344801316393,3468.4684684684685,0
1,84.76146110720066,4.634196685769564,115.16053246879166,3473.4734734734734,0
7,80.835849007423,1.0697988512928216,111.23565916789059,3478.4784784784783,0
5,87.7421250413802,0.12987262045435255,106.93019964893926,3483.4834834834833,0
5,72.60265558367726,5.288186095214957,97.44659662612385,3488.4884884884887,0
2,66.38614232818162,4.201696414299277,125.90955887592936,3493.4934934934936,0
3,65.49898866309776,5.599701903541493,103.3128830868919,3498.4984984984985,0
7,64.53739828969103,5.972255380174632,92.27561111018964,3503.5035035035035,0
6,79.81068653674703,7.4957919162158415,113.06613593268393,3508.5085085085084,0
2,77.12271489505878,5.10784085061156,101.44087962927131,3513.5135135135133,0
6,71.20225633434212,10.846711234638175,105.24696590880434,3518.5185185185187,1
2,62.77818692073028,5.612819709970426,103.04723802386812,3523.5235235235236,0
2,96.29212631300273,8.684958089134422,107.45163360650365,3528.5285285285286,1
2,79.1237461396287,0.33432439895150345,85.32315619901189,3533.5335335335335,0
3,54.02288080226591,7.69947905910125,78.23340419244988,3538.5385385385384,0
2,64.83743984062873,4.638479020408879,121.51199084850376,3543.5435435435434,0
4,79.31776097408705,1.103305481145457,103.74376842683753,3548.5485485485488,0
9,62.00461078767316,5.841090218456239,111.56270916112868,3553.5535535535537,0
6,73.51547958825888,4.394088924031365,73.60361169733561,3558.5585585585586,1
1,79.50796300336148,6.160106496896285,116.00024663071754,3563.5635635635635,0
8,36.11571917343607,7.022152915102156,92.17771531966349,3568.5685685685685,0
7,68.9196230021075,2.021699766476808,87.90672749786434,3573.5735735735734,0
10,69.31209153565122,7.029837964910316,99.0494024855202,3578.578578578579,0
3,65.8792754431621,5.012958968441433,85.33029684186212,3583.5835835835837,0
1,73.01695134946041,7.705682349386545,99.97402452661589,3588.5885885885887,0
5,76.57519607495874,4.589703542004264,97.9549247947827,3593.5935935935936,0
4,71.42050944324609,4.059182214937158,115.90593857850824,3598.5985985985985,0
10,66.26172605950568,5.054108081377903,122.70016753209205,3603.6036036036035,0
8,76.3262129978427,5.203721412759706,122.22273689262374,3608.6086086086084,0
1,70.49053409274357,3.674430397016529,66.03227530905826,3613.613613613614,0
10,67.69299586804522,4.007390538089433,85.97249755235072,3618.6186186186187,0
1,56.87720614661081,2.546248930972421,65.87669854266457,3623.6236236236236,0
4,54.373452147339215,4.130709820419611,82.09686588347454,3628.6286286286286,0
8,56.687702072859295,6.352620119995158,90.25722683644253,3633.6336336336335,0
5,72.78329061220215,4.725291652187712,106.15842422840416,3638.6386386386384,0
2,69.20921252393649,7.018130592094657,92.2010014826119,3643.643643643644,0
6,55.19715901792537,4.629141064693853,92.61894893577032,3648.6486486486488,0
5,76.4591782579381,2.1369640045533718,102.72647024799645,3653.6536536536537,0
2,83.74309513179095,6.194549775113166,74.36035532188284,3658.6586586586586,0
3,64.01506383283665,3.6527537179331953,87.42110270554204,3663.6636636636636,0
9,52.59018142631626,4.5332654224729305,92.4466506127394,3668.6686686686685,0
7,62.90873615098087,7.475144094968234,96.96397017052983,3673.673673673674,0
7,78.54460626794695,2.6782590805569724,101.15430985338318,3678.678678678679,0
6,75.48529858534773,5.32948757492877,122.50974684599562,3683.6836836836837,0
8,60.775673139885214,4.918963299928416,113.62504241621642,3688.6886886886887,0
4,85.21172137764742,6.401851430874206,88.46034963262098,3693.6936936936936,1
8,83.48280065926399,6.710306730964046,96.08006410822799,3698.6986986986985,0
4,62.66993936723359,5.527678008497785,95.05841294361815,3703.703703703704,0
8,62.567099970350334,4.279250706839201,92.28771225218884,3708.708708708709,0
9,64.0717206262051,5.946745008051921,104.08773738731365,3713.713713713714,0
3,64.92667224611453,7.6713117942891245,72.10330670543638,3718.7187187187187,1
3,79.50538007928444,4.945420120720598,113.21071582009726,3723.7237237237237,0
2,74.25329060476594,4.4654877711539465,125.40326186073032,3728.7287287287286,0
10,78.77078769350588,5.77634051533598,95.95239188992275,3733.7337337337335,0
3,76.735651431867,5.077454040739223,95.65953362323256,3738.738738738739,0
3,87.14527068193732,2.3245811521644018,102.35566370813007,3743.743743743744,1
5,59.4061445619086,5.478661600794963,115.29078965440316,3748.7487487487488,0
5,73.80358530383916,2.306475182472472,95.13559424774137,3753.7537537537537,0
2,48.26178743765303,5.748961292816891,114.00917749152605,3758.7587587587586,0
10,56.83044425903142,3.4057145511868656,107.32742008679864,3763.7637637637636,0
6,69.25146614065153,5.073749608372692,135.42417166007036,3768.768768768769,0
5,74.18206612754535,5.781187812398473,95.07006977256556,3773.773773773774,0
6,68.9818425797043,9.907806691887142,70.3599932841875,3778.778778778779,1
1,64.32807581187322,6.485499923573848,78.50591318971729,3783.7837837837837,0
5,66.10582122506962,7.72959761948467,100.17892356100235,3788.7887887887887,0
9,83.69440976424104,8.743495637387849,115.41823141031128,3793.7937937937936,1
10,66.15967822119859,5.978511833998889,90.21236289368915,3798.798798798799,0
2,87.49241622043527,5.5713796005343985,96.53601325187005,3803.803803803804,1
1,77.94017073541133,2.8665577823475683,110.27264105997364,3808.808808808809,0
10,74.5753734614823,4.766740135199211,85.52151098682313,3813.813813813814,0
9,58.064030896790044,3.553824540728275,90.83095901207773,3818.8188188188187,0
10,79.35238161399627,4.197882299751227,82.48409968584609,3823.8238238238237,0
9,65.062294222515,8.741326752384937,117.67342139323843,3828.828828828829,1
9,58.055602419943,5.22924301839998,123.12509217694551,3833.833833833834,0
6,75.12843613079377,3.2482008445677826,76.30877515760409,3838.838838838839,0
8,56.1205393943346,7.749066909382609,97.86721751517665,3843.843843843844,0
1,62.377585378704175,6.910550952474898,121.10888462597417,3848.848848848849,0
10,69.89884088531089,7.015306985200793,105.98042775433356,3853.8538538538537,0
4,92.18421424114727,0.9877395937952107,92.66141150501358,3858.8588588588586,1
1,63.13084244207512,8.897341915442972,76.80756820583652,3863.863863863864,1
8,65.41783480699425,3.8829705158122256,117.29416827734296,3868.868868868869,0
1,77.32345054421646,6.555909545585511,105.40772822416746,3873.873873873874,0
3,57.61704311623954,10.047599581234063,77.90520418387366,3878.878878878879,1
4,74.42806381020915,9.310665496381235,117.84836580812487,3883.8838838838838,1
8,82.05926807616588,3.044875749054626,75.99394657363194,3888.8888888888887,0
6,66.92905115288899,2.110965325995454,96.69270768748882,3893.893893893894,0
10,80.26154281396866,7.860693197695856,96.03077944941806,3898.898898898899,0
7,72.91449923211806,5.284111623187999,124.27571993271752,3903.903903903904,0
8,62.69318036196219,3.99823711739584,96.0843071217977,3908.908908908909,0
2,68.02195314103494,6.242437093878095,96.03035970548913,3913.913913913914,0
10,66.20242660019758,4.674240845081118,79.5538248265346,3918.9189189189187,0
8,69.12361742183522,6.402648274097487,90.39403481412091,3923.923923923924,0
3,71.52717899219829,5.133963615637466,87.74056808679036,3928.928928928929,0
7,75.88199934971857,6.444775856656333,88.52166450992961,3933.933933933934,0
3,75.08668249587136,3.2109346217272225,100.0942678733781,3938.938938938939,0
7,45.68286428737852,7.848924026265269,63.48735421236111,3943.943943943944,0
2,69.02691811227973,6.395246741464876,77.34654631874653,3948.948948948949,0
10,54.90578086593237,6.292594738807145,98.33471689589268,3953.953953953954,0
6,67.24272747532675,2.7646601459760123,101.81882024655897,3958.958958958959,0
3,68.7621041218908,8.399264833288495,96.49850802034156,3963.963963963964,1
3,79.76148358084708,4.972567801267464,99.38808265322558,3968.968968968969,0
9,69.698845328999,6.456097724859682,93.86325079517123,3973.973973973974,0
7,72.5921801834326,4.354351072506782,99.72243095155505,3978.978978978979,0
5,77.9305638065743,5.521778129364194,106.51213330393324,3983.9839839839838,0
10,82.277522598193,5.594254704238809,106.40700593031491,3988.988988988989,0
7,68.7698607664309,-0.6398618640068419,89.66562382812256,3993.993993993994,0
9,70.94179441680409,6.164896249309662,113.72642109374425,3998.998998998999,0
1,70.10023302242254,8.93068292344417,102.3566304175498,4004.004004004004,1
7,64.57401035568924,6.079560517983914,118.48320934509654,4009.009009009009,0
6,62.308847765576104,3.0845835022205237,121.49308646900623,4014.014014014014,0
10,47.28114083574064,6.299923132307774,78.35909917940131,4019.019019019019,0
9,59.233390654756704,7.1189610603466775,87.11458691696936,4024.024024024024,0
1,52.21369166790197,6.024933032380774,112.20322059955825,4029.029029029029,0
4,82.55198484453253,4.851745787139913,75.02661369806579,4034.034034034034,0
9,71.88416008297429,4.515701548352139,121.3026544404006,4039.039039039039,0
4,68.74061027053166,4.507380489266386,94.84176707781006,4044.044044044044,0
10,62.82514813918918,6.395553802022425,108.62549552663528,4049.0490490490492,0
3,70.29779263234624,2.1857520098807437,98.25414005708835,4054.054054054054,0
9,61.52020122344666,4.256253678289187,79.11415708324469,4059.059059059059,0
2,71.74018556620604,8.191219646021896,115.83316903197962,4064.064064064064,1
4,72.45733982921354,8.268390533154353,141.26084545805995,4069.069069069069,1
6,61.38616297643256,2.043705824396676,92.27487585466463,4074.074074074074,0
2,61.19538035177594,2.7371727774727823,95.16462173732137,4079.0790790790793,0
8,79.62199354595117,4.458758840944126,60.263506850994105,4084.084084084084,0
8,69.471400457087,6.785179034228705,120.2725435518418,4089.089089089089,0
1,62.189795707351095,1.3450512918940194,113.67647984263004,4094.094094094094,0
3,66.2949369831048,4.890382730165044,73.99924206917629,4099.0990990990995,0
10,59.894059132933926,4.05164168684071,69.0267180692967,4104.104104104104,0
9,69.32816419338083,7.651929348570468,70.76153075252103,4109.109109109109,0
5,78.31628307664468,1.6461830520614913,109.67753688059227,4114.114114114114,0
6,69.72329332405738,5.185081230987245,111.17487129421123,4119.119119119119,0
4,93.63633443675384,4.212781125302812,86.14999083446818,4124.124124124124,1
10,74.21359568049002,7.939597852554576,107.48890047074198,4129.129129129129,1
2,72.29954447842212,6.195305292706499,102.38315681486729,4134.134134134134,0
8,60.91697869034194,3.8283686814845304,94.49095439718673,4139.139139139139,0
6,67.61466553157334,6.706772886658165,114.5529524002795,4144.144144144144,0
5,62.209861569663076,4.2223422933828525,81.92596598157942,4149.149149149149,0
9,48.34354771595876,6.998659422479507,117.21308820390843,4154.154154154154,0
1,79.74262222128807,4.525846018228844,89.07217668978471,4159.15915915916,0
5,64.8854944444977,7.1093331575375265,126.72305022950567,4164.1641641641645,0
6,62.39599925666694,5.8721639102545,84.920409647778,4169.169169169169,0
5,72.10570033958464,11.520982161382847,94.72641882099809,4174.174174174174,1
6,75.12499552221517,4.894207989167991,100.8788070631353,4179.179179179179,0
6,66.79225167093722,5.765724583242897,100.78477821733725,4184.184184184184,0
7,69.97398332390982,4.041150516568138,107.36242750927143,4189.189189189189,0
4,77.46187407314403,5.005370681509557,80.71476372629984,4194.194194194194,0
8,66.39806405390053,-0.40367026829888175,99.44031387630048,4199.199199199199,0
7,73.02333741763334,5.931168033082064,102.07197559604082,4204.204204204204,0
9,53.407553816108496,7.685748425898824,92.0839266395781,4209.209209209209,0
7,57.58681001572251,5.7932600091987085,106.06087926189126,4214.214214214214,0
3,76.05539778080404,2.3722770840452454,79.80445129768329,4219.21921921922,0
3,57.064413608327015,3.396425694581998,95.10319166423974,4224.224224224225,0
8,72.34137547113296,0.13961574568745938,88.702238133945,4229.2292292292295,0
5,68.53001217802927,6.957848013730848,95.14853605676471,4234.2342342342345,0
4,66.35532737479771,2.9869734145808393,121.70553189881805,4239.239239239239,0
8,61.71537231032272,4.942582819575544,121.996835892361,4244.244244244244,0
6,79.09340018105375,4.69252485534556,119.05624690871831,4249.249249249249,0
2,87.29891154519835,7.975454071316533,93.06614079878723,4254.254254254254,1
4,73.00192162600194,5.170562635931477,113.6142741520031,4259.259259259259,0
4,73.22490715672818,6.6177858402120195,101.68543190388706,4264.264264264264,0
6,63.17669370142506,6.092927528295325,100.68384555254512,4269.269269269269,0
6,58.0390276817562,7.718822839922799,98.83957978571246,4274.274274274274,0
1,69.60261095193826,4.521752610994082,126.37626786068688,4279.279279279279,0
8,60.262503520419244,8.739230661009033,120.48757908334696,4284.284284284285,1
6,52.273898716841785,1.0286756872013698,111.17344627670646,4289.28928928929,0
3,78.03445812365582,6.714946996002472,97.4454855173406,4294.294294294295,0
9,78.52166788251833,3.266760782671736,100.59341137381843,4299.2992992992995,0
2,61.41161227046906,4.014500894440095,107.95849906806602,4304.304304304304,0
8,72.43964321279245,6.138828533802071,92.17586632218966,4309.309309309309,0
10,80.01952267791766,6.122804099695486,114.07473573946756,4314.314314314314,0
3,72.05026687061878,6.212856027380143,86.1813233283564,4319.319319319319,0
5,58.068453539012665,2.227684111789524,105.87765531996108,4324.324324324324,1
6,67.67106586762901,7.8980604625584805,65.65426675311056,4329.329329329329,0
10,83.26809420041991,3.1987057635446483,91.74072210096804,4334.334334334334,0
6,72.47026643605113,3.4654258195496017,131.16515699379164,4339.339339339339,0
4,75.39132103182806,6.275793476333657,115.54287241587866,4344.344344344345,0
3,73.41629219369115,4.426557650477519,123.03202674901786,4349.34934934935,0
4,61.444886420217465,5.616521681124984,89.99038498968427,4354.354354354355,0
1,63.79154780717357,0.686798606734424,101.55659255200653,4359.35935935936,0
4,73.38865157051742,5.568648899038463,119.22988379641457,4364.3643643643645,0
1,78.16871780020408,5.43566375902443,109.49642402058066,4369.369369369369,1
1,80.99904950917883,3.9802829244714335,107.62848816037479,4374.374374374374,0
10,61.41894455231807,0.8518480804704209,124.45872955495093,4379.379379379379,0
6,74.33120534677194,4.574383477036791,84.39317551579109,4384.384384384384,0
5,81.87044111718977,4.925252280402774,97.23642940831745,4389.389389389389,0
4,60.129182297119776,4.26554201933901,73.68871655995969,4394.394394394394,0
3,84.86747135799774,1.3276510711350045,83.57340922096598,4399.399399399399,0
1,86.3894082734419,8.189468014633832,116.11278088268456,4404.404404404404,1
6,96.2508633962166,3.722276944111254,86.23976100711815,4409.40940940941,1
2,72.30933440829995,4.555590674154198,111.03286381187645,4414.414414414415,0
8,72.36424676262449,0.18105135756341895,124.87727562952121,4419.41941941942,0
10,78.26994389117317,8.189710697396414,97.33092737512092,4424.424424424425,1
5,77.97802673049416,4.0669001365318875,107.7979515969972,4429.42942942943,0
7,81.26366860995606,5.196925634148405,111.1496819431438,4434.4344344344345,0
10,77.84033180465104,7.241474889633302,81.67757405400152,4439.439439439439,0
2,68.93938090961962,3.647391590566748,90.75321482048429,4444.444444444444,0
8,82.21997120973502,6.926489974773088,84.94508182492297,4449.449449449449,0
2,59.28745850307274,0.8773490881177164,91.94915334875458,4454.454454454454,0
4,70.05852336725377,6.101973315142627,110.74166047121649,4459.459459459459,0
1,85.63735616049799,8.144484333039305,91.07204903586563,4464.464464464464,1
5,57.49753501879681,3.8391663055639405,99.47270159602274,4469.46946946947,0
9,63.22524343002837,7.237763240596798,84.36307574603147,4474.474474474475,0
1,76.71747291077291,8.667845304387567,118.39633246800554,4479.47947947948,1
9,73.93911973236152,4.490316323891961,91.82335014664994,4484.484484484485,0
8,61.24974592343755,4.324943428300278,122.8447082786493,4489.48948948949,0
6,65.8380599726986,3.203412508335392,100.91393640774041,4494.494494494495,0
7,58.19217937349661,3.980539689629733,78.89500633055381,4499.4994994994995,0
3,79.80484999520573,3.3692802194547595,97.43459880181564,4504.504504504504,0
1,67.44118642329468,3.2017778031455455,84.05834758800754,4509.509509509509,0
5,87.92155910760633,7.397670593422713,108.8402406606723,4514.514514514514,1
2,70.81100244040022,3.4201479494234808,96.079558265097,4519.519519519519,0
5,67.80259696597123,5.517043829439246,102.44815382541032,4524.524524524524,0
8,66.83178238708203,5.076466870432475,94.45970334930156,4529.529529529529,0
9,67.55800164807572,7.996189125142245,91.66986544205012,4534.534534534535,0
2,71.10821095133802,3.993687535889973,85.39566985576559,4539.53953953954,0
3,95.12407576578319,5.7622960933086445,112.54334405232294,4544.544544544545,1
3,66.61140329900641,6.582139404552218,97.40270347300454,4549.54954954955,0
1,66.9364653922869,7.979499214641162,95.27963659452423,4554.554554554555,0
8,70.65593845683179,3.964493309909466,97.02679152336759,4559.55955955956,0
6,80.90274506344261,3.7642150625352393,89.81707309771338,4564.5645645645645,0
8,55.79015438927221,2.8764378920798945,95.32972859835962,4569.5695695695695,0
9,74.55092736909646,9.472599241696482,103.08444722040231,4574.574574574574,1
5,61.82574823978838,7.768944876360775,84.48794501414852,4579.579579579579,0
3,75.53272688950949,4.915597211375913,86.65972010381188,4584.584584584584,0
5,65.06240057639543,8.862878302254114,120.6742614043401,4589.589589589589,1
5,46.958976602427136,4.796273211268685,94.55865200800666,4594.594594594595,0
5,73.69577602687485,6.448820942867059,91.72658786613985,4599.5995995996,0
3,73.61144770346868,5.020343803445441,79.84192591661088,4604.604604604605,0
10,64.2091969152057,5.795610903500942,112.76016456211359,4609.60960960961,0
4,63.61656139856998,5.583522885067094,84.16111279733735,4614.614614614615,0
9,56.88627274912348,4.150029253246701,99.77061008557813,4619.61961961962,1
10,77.73099941538871,7.184997076170706,74.37722396025114,4624.624624624625,0
9,78.82215782466808,6.431904835367802,112.27259200546175,4629.62962962963,0
2,61.2094911482411,7.055389187002957,117.65284365427871,4634.6346346346345,0
8,64.60065540461149,5.640454370998692,107.26780518217024,4639.639639639639,0
8,69.36710878861037,3.1868602364457317,76.98279802892054,4644.644644644644,0
7,92.70865281035546,8.418772133115404,112.58143215863846,4649.649649649649,1
8,75.45121747588932,4.474887532865148,87.58976500539471,4654.654654654654,0
3,60.5658448499162,5.728134057136829,82.43542181917582,4659.65965965966,0
6,73.03780309490506,6.270762717644538,94.2480843136352,4664.664664664665,0
1,56.23308459361918,5.714843432435238,93.94948489980266,4669.66966966967,0
7,77.1799030991617,6.830834042460548,92.42427023229565,4674.674674674675,0
1,86.75547393544485,7.146755844632997,119.10511371857041,4679.67967967968,1
9,86.79791685083958,4.550332993905504,130.1773899466394,4684.684684684685,1
1,77.34893503474339,8.250934683911295,79.46295193975803,4689.68968968969,1
1,64.1658764413187,4.46619289167747,89.66751408513115,4694.694694694695,0
7,56.99098243485874,5.673498097761577,102.14122504067436,4699.6996996996995,0
2,55.99794956630891,4.224643632791537,94.16925263594159,4704.704704704704,0
5,41.93782890501457,3.6530529546984196,105.99098123917774,4709.709709709709,0
8,76.93855763007922,7.08838217758173,113.73978033918692,4714.714714714714,0
8,68.971644797756,11.243793794852088,111.24048913405062,4719.71971971972,1
3,79.09216166453128,4.276480223359366,109.14600351774749,4724.724724724725,1
7,84.28031485234789,7.4306431493561576,124.88643281379585,4729.72972972973,0
3,70.9990554390241,4.3481773745996115,76.16579075625836,4734.734734734735,0
6,71.4596160971315,4.979030046287991,122.20163187931922,4739.73973973974,0
6,65.35679655502534,8.515167544463344,93.80512548865384,4744.744744744745,1
3,66.53915582827592,2.852929429849388,111.7768783101344,4749.74974974975,0
7,77.28469912472934,2.3236818627537543,84.55500657580835,4754.754754754755,0
3,68.2562496963469,4.825602702473701,86.37255412160084,4759.75975975976,0
8,66.80992333247175,6.327312055875349,109.93175937223042,4764.764764764765,0
10,69.81683140557149,5.927333143361763,71.06904965875232,4769.7697697697695,0
4,78.8633019606159,5.721358351385992,114.84163117432469,4774.774774774774,0
1,63.073384421698975,5.068263963023155,118.89945253512383,4779.779779779779,0
4,69.33471482447968,6.573080053967839,102.6667728074344,4784.784784784785,1
7,72.4527783777843,-0.8273448840899444,102.12641553367835,4789.78978978979,0
4,81.60221903585239,3.4983893898245184,87.49545782637321,4794.794794794795,0
6,67.6070322320058,4.812775181433104,110.11674103605503,4799.7997997998,0
9,62.821766139482776,6.4090695982050185,105.21497869611139,4804.804804804805,0
1,65.15639055727644,7.979530280137133,86.17741905964266,4809.80980980981,0
5,80.5305743301538,3.2298005836657193,94.12780074867712,4814.814814814815,0
7,90.33305298603464,7.914157251073135,97.60996862956294,4819.81981981982,1
1,56.86242186313967,4.094876661597274,94.10796705221219,4824.824824824825,0
4,59.04698384930143,4.740180434038628,79.55632879975037,4829.82982982983,0
6,68.31203213297854,6.1628650375952265,110.48530462875843,4834.8348348348345,0
2,71.10956096068044,4.593527841386454,96.34734316147158,4839.839839839839,0
10,77.86969565554995,7.220235213332636,100.23047163839964,4844.844844844845,0
5,61.088669913985136,4.190791709773713,91.3260011890386,4849.84984984985,0
10,59.36890963350535,4.220930017439332,107.12907210957985,4854.854854854855,0
1,71.3808715313363,7.103959908418664,102.98044276572105,4859.85985985986,0
6,67.41599279792831,3.4737512234646837,118.19176583695628,4864.864864864865,0
6,79.26720997771525,5.49785819063332,107.20898069408477,4869.86986986987,0
4,74.87359803190384,1.679034664612352,96.95973397244333,4874.874874874875,0
8,75.55379347633219,8.63927870412238,88.90424773746159,4879.87987987988,1
4,68.95518653623134,7.41310387247355,112.98929025874968,4884.884884884885,0
8,93.55580258568206,10.50021439916151,95.76135851820314,4889.88988988989,1
8,61.6225201840624,7.676727462892771,97.42423650105668,4894.894894894895,0
5,76.10809833754774,2.740699540799037,97.42042590560987,4899.8998998998995,0
4,57.30310012926893,6.337299720321184,93.97588434014305,4904.9049049049045,0
2,59.265323222605474,3.163982475556391,97.68191508655195,4909.90990990991,0
3,63.92654401234545,8.156075014106197,128.89311344098866,4914.914914914915,1
3,86.29323336618026,2.7977194240448555,84.28266918808461,4919.91991991992,1
4,72.63894430454019,2.7016902315204048,87.78243683857585,4924.924924924925,0
4,64.09521931455625,1.7803770926066265,120.76486627231375,4929.92992992993,1
10,73.74436325954574,4.023240357473997,94.37793423257392,4934.934934934935,0
5,70.35147881424508,3.6210443504328573,93.24068073887658,4939.93993993994,0
4,65.0802663086088,2.4767017883214693,115.5229578516015,4944.944944944945,0
10,56.03371144211772,8.979618208487048,78.69706574077374,4949.94994994995,1
8,84.3854248451229,6.059761392773289,112.32181643880108,4954.954954954955,0
6,72.09818128710042,5.824469079713423,100.68424643982316,4959.95995995996,0
6,91.7373837346824,8.178328838495853,106.97203196247966,4964.964964964965,1
8,79.4032162054088,5.512515584085869,106.69046432878189,4969.96996996997,0
7,75.51319724761042,3.502639596989721,90.58026120276043,4974.974974974975,0
10,65.64795671383033,1.5995805149646865,115.76775670224859,4979.97997997998,0
10,59.04654436143083,3.3898852153131926,91.74793432782896,4984.984984984985,0
8,67.82269015511552,8.010831201016925,106.13273528498112,4989.98998998999,1
2,58.75707405794169,2.48932776862768,118.56586728293705,4994.994994994995,1
9,76.50190380730754,5.706254475995753,120.68352549769705,5000.0,1
